encoder,metric,filter,comparison,wme_mean,variant_mean,delta,ci_low,ci_high,rel_drop_pct,wilcoxon_p,perm_p,n_pairs
bge-large-en-v1.5,mrr,unfiltered,trans_wme_vs_aal_real_paired,0.3046581625918521,0.2728066681568858,0.03185149443496632,0.015245131675096394,0.04838409930838039,10.454830477540002,1.1137045625586066e-07,0.00021999560008799824,647
bge-large-en-v1.5,mrr,unfiltered,wme_real_vs_aal_real_unpaired,0.30719506608848074,0.2728066681568858,0.03438839793159493,-0.009709372887566441,0.07749140009465023,,,0.0979305314565218,647
qwen3-embedding-8b,mrr,unfiltered,trans_wme_vs_aal_real_paired,0.41841150724303255,0.42352556399394076,-0.005114056750908181,-0.020118701497204076,0.009673161464274783,-1.2222552827491195,0.21822866239265715,0.49815003699926,647
qwen3-embedding-8b,mrr,unfiltered,wme_real_vs_aal_real_unpaired,0.5007679532247369,0.42352556399394076,0.07724238923079613,0.027831145508112737,0.12481854176688224,,,0.0023452244933557073,647
llama-embed-nemotron-8b,mrr,unfiltered,trans_wme_vs_aal_real_paired,0.17484875405518005,0.13112348457227713,0.04372526948290294,0.0269377250244788,0.061120845919322736,25.007481305302182,8.497744980282095e-28,1.999960000799984e-05,647
llama-embed-nemotron-8b,mrr,unfiltered,wme_real_vs_aal_real_unpaired,0.2216854665995195,0.13112348457227713,0.09056198202724236,0.05562435097924217,0.12485836462154315,,,8.709284512921709e-08,647
octen-embedding-8b,mrr,unfiltered,trans_wme_vs_aal_real_paired,0.41343632788578233,0.41697818596610137,-0.0035418580803189734,-0.018597786225302403,0.01170714543069499,-0.8566876787125156,0.4267039409125516,0.6417071658566829,647
octen-embedding-8b,mrr,unfiltered,wme_real_vs_aal_real_unpaired,0.4790038998136441,0.41697818596610137,0.06202571384754274,0.014562486219884301,0.11063896058916853,,,0.010057902241777345,647
text-embedding-3-large,mrr,unfiltered,trans_wme_vs_aal_real_paired,0.3582537282513571,0.35834620734921524,-9.247909785812134e-05,-0.014364052149180321,0.014027207051215232,-0.025813854976335763,0.8896103455817005,0.9899002019959601,647
text-embedding-3-large,mrr,unfiltered,wme_real_vs_aal_real_unpaired,0.42270513237446844,0.35834620734921524,0.0643589250252532,0.016775665990944454,0.11132768464296182,,,0.011508298243090432,647
bm25,mrr,unfiltered,trans_wme_vs_aal_real_paired,0.08162742589636299,0.05818777729478843,0.023439648601574565,0.010272081716953364,0.03712938632924881,28.715408264048847,1.1770294166829308e-09,0.0003999920001599968,647
bm25,mrr,unfiltered,wme_real_vs_aal_real_unpaired,0.09865585681561441,0.05818777729478843,0.04046807952082598,0.01526506372166424,0.0654258706883708,,,0.03062487177826898,647
