condition,retriever,gap,n,p
synth_unfiltered,bge-large-en-v1.5,0.027,3723,7.014478360634873e-09
synth_unfiltered,qwen3-embedding-8b,0.0297,3723,3.7820564195064004e-12
synth_unfiltered,llama-embed-nemotron-8b,0.0295,3723,2.6023414577475204e-10
synth_unfiltered,octen-embedding-8b,0.032,3723,1.0460884945575312e-12
synth_unfiltered,text-embedding-3-large,0.0579,3723,1.3116858198341155e-40
synth_unfiltered,bm25,0.032,3723,1.779064992824861e-09
synth_llm,bge-large-en-v1.5,0.0594,2946,1.5619504822096432e-10
synth_llm,qwen3-embedding-8b,0.0772,3051,2.1270512223759986e-19
synth_llm,llama-embed-nemotron-8b,0.0794,2276,4.212617488588527e-11
synth_llm,octen-embedding-8b,0.0836,3062,7.382067886477622e-20
synth_llm,text-embedding-3-large,0.0901,3073,2.4910693559878125e-26
synth_llm,bm25,0.0792,2448,5.25215271886127e-10
reddit_unfiltered,bge-large-en-v1.5,0.0201,2552,0.04873294305772929
reddit_unfiltered,qwen3-embedding-8b,0.0246,2552,0.022113354870085405
reddit_unfiltered,llama-embed-nemotron-8b,0.0329,2552,0.02028116984130118
reddit_unfiltered,octen-embedding-8b,0.0484,2552,5.520779753892385e-06
reddit_unfiltered,text-embedding-3-large,0.056,2552,2.4489053537647863e-06
reddit_unfiltered,bm25,0.0092,2552,0.5238054494986477
reddit_full10,bge-large-en-v1.5,0.0033,1090,0.7106342875902794
reddit_full10,qwen3-embedding-8b,0.0166,1237,0.21694154216059847
reddit_full10,llama-embed-nemotron-8b,0.0509,749,0.03469195729449188
reddit_full10,octen-embedding-8b,0.0535,1282,0.00019855686016399506
reddit_full10,text-embedding-3-large,0.0681,1317,0.00011196326840470237
reddit_full10,bm25,0.0042,512,0.6302273398843283
