path,size_bytes,sha256
allsides_synth/embeddings/bge-large-en-v1.5/corpus_embeddings.npy,73711744,9f0c23df2e04cf599884264c5d5dc631b91ad1ec168cb2e130d1b6286cf693f2
allsides_synth/embeddings/bge-large-en-v1.5/corpus_ids.json,233948,2802deb9bc279697de30b98f98d2f414ce6ac9ff2d9abe7e6cbcde027d126be8
allsides_synth/embeddings/bge-large-en-v1.5/encode_meta.json,255,7e01e5b0f8fea45b187cc04df07f442d1709a0d327772653ac2b383d00d7c97a
allsides_synth/embeddings/bge-large-en-v1.5/queries.jsonl,3063948,39843918b57918125edae36a0282718efdd2d5da4be230599a38daa9a9ed2776
allsides_synth/embeddings/bge-large-en-v1.5/query_embeddings.npy,45748352,61b3153e579085f53eca8db63353e1555f7ad776f74be69375c3c736374fa2b9
allsides_synth/embeddings/bge-large-en-v1.5/query_ids.json,429747,a5974d209951dfe1db1200855e1e3d4f1b7b39a3dd30a332a7e02cf5104fe754
allsides_synth/embeddings/llama-embed-nemotron-8b/corpus_embeddings.npy,294846592,855096b58f3c5b41ad0d10aa6bc3af61b7ccc4690e576ff53164d6240496b925
allsides_synth/embeddings/llama-embed-nemotron-8b/corpus_ids.json,233948,2802deb9bc279697de30b98f98d2f414ce6ac9ff2d9abe7e6cbcde027d126be8
allsides_synth/embeddings/llama-embed-nemotron-8b/encode_meta.json,269,11d515fe2d83d8cab6627b5fee680f753329568ff0c315d49e90a945adaedfa4
allsides_synth/embeddings/llama-embed-nemotron-8b/queries.jsonl,3063948,39843918b57918125edae36a0282718efdd2d5da4be230599a38daa9a9ed2776
allsides_synth/embeddings/llama-embed-nemotron-8b/query_embeddings.npy,182993024,1f80a45c8cfa1f9834fcf89d8719d89241690a0e4a04c06b4298b0944841487f
allsides_synth/embeddings/llama-embed-nemotron-8b/query_ids.json,429747,a5974d209951dfe1db1200855e1e3d4f1b7b39a3dd30a332a7e02cf5104fe754
allsides_synth/embeddings/octen-embedding-8b/corpus_embeddings.npy,294846592,0b0de09a217fe2d4a694bc68f2af75916f7300947a25c9f14715477205e3a8a8
allsides_synth/embeddings/octen-embedding-8b/corpus_ids.json,233948,2802deb9bc279697de30b98f98d2f414ce6ac9ff2d9abe7e6cbcde027d126be8
allsides_synth/embeddings/octen-embedding-8b/encode_meta.json,258,b31b8612b0ab2ac247bf889f649a25eef4176c90d4b5292b047c658b82a3f6c6
allsides_synth/embeddings/octen-embedding-8b/queries.jsonl,3063948,39843918b57918125edae36a0282718efdd2d5da4be230599a38daa9a9ed2776
allsides_synth/embeddings/octen-embedding-8b/query_embeddings.npy,182993024,6f373bffd93c7a26284b285f9ae160915d7c83e619d21d037fc1b19ce0daad8e
allsides_synth/embeddings/octen-embedding-8b/query_ids.json,429747,a5974d209951dfe1db1200855e1e3d4f1b7b39a3dd30a332a7e02cf5104fe754
allsides_synth/embeddings/qwen3-embedding-8b/corpus_embeddings.npy,294846592,ff2eb10de9c1a19a334be20fe583a12d5ffb6893c634caab5c6b81146247c388
allsides_synth/embeddings/qwen3-embedding-8b/corpus_ids.json,233948,2802deb9bc279697de30b98f98d2f414ce6ac9ff2d9abe7e6cbcde027d126be8
allsides_synth/embeddings/qwen3-embedding-8b/encode_meta.json,257,55a3048fabdf4e89aeffa4d6a12d00a70232985c5fa1f74384008b07ad37017d
allsides_synth/embeddings/qwen3-embedding-8b/queries.jsonl,3063948,39843918b57918125edae36a0282718efdd2d5da4be230599a38daa9a9ed2776
allsides_synth/embeddings/qwen3-embedding-8b/query_embeddings.npy,182993024,7a64aa1dc0193c823c0fa95d2e6cb5192ec4e802d3efec2796b1419d29053d2e
allsides_synth/embeddings/qwen3-embedding-8b/query_ids.json,429747,a5974d209951dfe1db1200855e1e3d4f1b7b39a3dd30a332a7e02cf5104fe754
allsides_synth/embeddings/text-embedding-3-large/corpus_embeddings.npy,221134976,c6d6ffe9cffe9a1ce2a5fa99a1c9ea298ec4d26855214717dc9b6b49eb26cbc9
allsides_synth/embeddings/text-embedding-3-large/corpus_ids.json,233948,2802deb9bc279697de30b98f98d2f414ce6ac9ff2d9abe7e6cbcde027d126be8
allsides_synth/embeddings/text-embedding-3-large/encode_meta.json,267,9bb4b6845527befd176d6e5423ce846671b233521b5b3424d0a43d99913ccdb9
allsides_synth/embeddings/text-embedding-3-large/queries.jsonl,3063948,39843918b57918125edae36a0282718efdd2d5da4be230599a38daa9a9ed2776
allsides_synth/embeddings/text-embedding-3-large/query_embeddings.npy,137244800,0a87b42189a9c668811464457beebf2c4b4c1a329799a899d235853e094154a4
allsides_synth/embeddings/text-embedding-3-large/query_ids.json,429747,a5974d209951dfe1db1200855e1e3d4f1b7b39a3dd30a332a7e02cf5104fe754
hcmagic/embeddings/bge-large-en-v1.5/hcm_aal_real_embeddings.npy,2650240,7b40b4d7fd56ee98f0e7e734b29923f8a0be7413b4825fc38bde9657f1179859
hcmagic/embeddings/bge-large-en-v1.5/hcm_aal_real_ids.json,9596,856c35573f4061beb14f6389d0c07adbe8b565bc918def8473b62c4e58bff04c
hcmagic/embeddings/bge-large-en-v1.5/hcm_trans_aal_embeddings.npy,2650240,c0f96ac1284430bb85def58f5490100d7c4c6d89677fbe03c50c492985cc869e
hcmagic/embeddings/bge-large-en-v1.5/hcm_trans_aal_ids.json,10890,0203cd8fda5068badb41b5ec264a4f2a784c1098a8cef3bd3b7f0084724f92a0
hcmagic/embeddings/bge-large-en-v1.5/hcm_wme_real_embeddings.npy,2699392,f334053d1a482f78152cd8c2df9095d7a412a32c01351c469e7515ef4173e618
hcmagic/embeddings/bge-large-en-v1.5/hcm_wme_real_ids.json,11211,052eb11371d3d1d7487b737b1723afc755f5e88e6adae5ede644f352f076724d
hcmagic/embeddings/bge-large-en-v1.5/hcsynth_aal_synth1_embeddings.npy,20476032,09dcd3c3a16eb9e5c7ef441eb6205f109a656da97cdfc8bd7a808d3fa4bcac3b
hcmagic/embeddings/bge-large-en-v1.5/hcsynth_aal_synth1_ids.json,88872,6fc9ed03640a93d995c511f313469d3004d106ec2bd91fafaa3596a46202338b
hcmagic/embeddings/bge-large-en-v1.5/hcsynth_aal_synth2_embeddings.npy,20476032,33dbc4057449570f82946e42a61d61cca1d54ee43e72e902ed600ca1db1ac85a
hcmagic/embeddings/bge-large-en-v1.5/hcsynth_aal_synth2_ids.json,88872,6fc9ed03640a93d995c511f313469d3004d106ec2bd91fafaa3596a46202338b
hcmagic/embeddings/bge-large-en-v1.5/hcsynth_aal_synth3_embeddings.npy,20476032,5a339ff6f4f1fddadf5336388a11cd570871e20b88151185d156dff18e73598d
hcmagic/embeddings/bge-large-en-v1.5/hcsynth_aal_synth3_ids.json,88872,6fc9ed03640a93d995c511f313469d3004d106ec2bd91fafaa3596a46202338b
hcmagic/embeddings/bge-large-en-v1.5/hcsynth_wme_real_embeddings.npy,20476032,e2643191c791b716d311fa7f0e0b334723f8a8e1e838a7825be684521ec766ca
hcmagic/embeddings/bge-large-en-v1.5/hcsynth_wme_real_ids.json,88872,6fc9ed03640a93d995c511f313469d3004d106ec2bd91fafaa3596a46202338b
hcmagic/embeddings/bge-large-en-v1.5-hcmagic_100k/corpus_embeddings.npy,459427968,eec3fe87bd9961fc0cd4fdaa5fc8771e7efba4b813b7a9ce2f571ba97f2e5614
hcmagic/embeddings/bge-large-en-v1.5-hcmagic_100k/corpus_ids.json,1907860,ef5bfb9f60a9462a5cdb7373537237428117a304e3e094e2ce39f02764508db1
hcmagic/embeddings/bge-large-en-v1.5-hcmagic_100k/encode_meta.json,251,81e250286bf17072bf039a80b037817b0e570a7b1c62c8a7beeb120cd03fb85c
hcmagic/embeddings/llama-embed-nemotron-8b/hcm_aal_real_embeddings.npy,10600576,ae4799f3c8cd24a1ab0d60026bb71b386e171752ea0e07295524cae0b3ba2d3c
hcmagic/embeddings/llama-embed-nemotron-8b/hcm_aal_real_ids.json,9596,856c35573f4061beb14f6389d0c07adbe8b565bc918def8473b62c4e58bff04c
hcmagic/embeddings/llama-embed-nemotron-8b/hcm_trans_aal_embeddings.npy,10600576,0fb2c24602210cec473290d93ff7d8b047a2fe43dfea0dce4360116b158ee9d4
hcmagic/embeddings/llama-embed-nemotron-8b/hcm_trans_aal_ids.json,10890,0203cd8fda5068badb41b5ec264a4f2a784c1098a8cef3bd3b7f0084724f92a0
hcmagic/embeddings/llama-embed-nemotron-8b/hcm_wme_real_embeddings.npy,10797184,422cf506f42206c02979010763719dd9e435ab23b5deab49c8fee9b05967b963
hcmagic/embeddings/llama-embed-nemotron-8b/hcm_wme_real_ids.json,11211,052eb11371d3d1d7487b737b1723afc755f5e88e6adae5ede644f352f076724d
hcmagic/embeddings/llama-embed-nemotron-8b/hcsynth_aal_synth1_embeddings.npy,81903744,498b7af7c8f61455be06ed2941f2d5eccaef5bb191c7f3a4c757d386e201c71c
hcmagic/embeddings/llama-embed-nemotron-8b/hcsynth_aal_synth1_ids.json,88872,6fc9ed03640a93d995c511f313469d3004d106ec2bd91fafaa3596a46202338b
hcmagic/embeddings/llama-embed-nemotron-8b/hcsynth_aal_synth2_embeddings.npy,81903744,30504b8e834a0475a275aa6888a8c45afe5f3496700ea0ef77ba958cd3fff0f9
hcmagic/embeddings/llama-embed-nemotron-8b/hcsynth_aal_synth2_ids.json,88872,6fc9ed03640a93d995c511f313469d3004d106ec2bd91fafaa3596a46202338b
hcmagic/embeddings/llama-embed-nemotron-8b/hcsynth_aal_synth3_embeddings.npy,81903744,b74b1e1c2f79aa40f8530683480f6d7ce81573928d239c958f6a3b4703fc5e85
hcmagic/embeddings/llama-embed-nemotron-8b/hcsynth_aal_synth3_ids.json,88872,6fc9ed03640a93d995c511f313469d3004d106ec2bd91fafaa3596a46202338b
hcmagic/embeddings/llama-embed-nemotron-8b/hcsynth_wme_real_embeddings.npy,81903744,1d0cfaab80361157b3ad29212ca475f8d98092a0a3485019dc84696c19d6482a
hcmagic/embeddings/llama-embed-nemotron-8b/hcsynth_wme_real_ids.json,88872,6fc9ed03640a93d995c511f313469d3004d106ec2bd91fafaa3596a46202338b
hcmagic/embeddings/llama-embed-nemotron-8b-hcmagic_100k/corpus_embeddings.npy,1837711488,87be6ac4fd0aeb167025fbeeced2398ce58d4c022219e1012213f021fcd1ff46
hcmagic/embeddings/llama-embed-nemotron-8b-hcmagic_100k/corpus_ids.json,1907860,ef5bfb9f60a9462a5cdb7373537237428117a304e3e094e2ce39f02764508db1
hcmagic/embeddings/llama-embed-nemotron-8b-hcmagic_100k/encode_meta.json,279,09e089d50f416315b2879acd61f78cf6879e5a1e5e297f5810aee4e53467c6e1
hcmagic/embeddings/octen-embedding-8b/hcm_aal_real_embeddings.npy,10600576,48e2c88de1fd46aa2f99829c99636547b671220474d7ebc0d1a4587189d7ecf4
hcmagic/embeddings/octen-embedding-8b/hcm_aal_real_ids.json,9596,856c35573f4061beb14f6389d0c07adbe8b565bc918def8473b62c4e58bff04c
hcmagic/embeddings/octen-embedding-8b/hcm_trans_aal_embeddings.npy,10600576,042fcb6885d50eed292ec18b59fa67f8cc1c52b46069d2f35816a7c324068c04
hcmagic/embeddings/octen-embedding-8b/hcm_trans_aal_ids.json,10890,0203cd8fda5068badb41b5ec264a4f2a784c1098a8cef3bd3b7f0084724f92a0
hcmagic/embeddings/octen-embedding-8b/hcm_wme_real_embeddings.npy,10797184,97eb0c5c36d7e183c45045027870c59c28815db40f7b84946c671e7cc6ca27d7
hcmagic/embeddings/octen-embedding-8b/hcm_wme_real_ids.json,11211,052eb11371d3d1d7487b737b1723afc755f5e88e6adae5ede644f352f076724d
hcmagic/embeddings/octen-embedding-8b/hcsynth_aal_synth1_embeddings.npy,81903744,349840e1dd3424827f229ac7721010d8fbcfbebbc4395f19af2d5df98d05cec9
hcmagic/embeddings/octen-embedding-8b/hcsynth_aal_synth1_ids.json,88872,6fc9ed03640a93d995c511f313469d3004d106ec2bd91fafaa3596a46202338b
hcmagic/embeddings/octen-embedding-8b/hcsynth_aal_synth2_embeddings.npy,81903744,68a28e11b35bda5dc76039778c87300742e60f544ab2968903a6200856a16f15
hcmagic/embeddings/octen-embedding-8b/hcsynth_aal_synth2_ids.json,88872,6fc9ed03640a93d995c511f313469d3004d106ec2bd91fafaa3596a46202338b
hcmagic/embeddings/octen-embedding-8b/hcsynth_aal_synth3_embeddings.npy,81903744,f9ac5d94dbc6bb749da11baafcd4f3f9a39fb57b344a9c7717aaef6d9d7aeea1
hcmagic/embeddings/octen-embedding-8b/hcsynth_aal_synth3_ids.json,88872,6fc9ed03640a93d995c511f313469d3004d106ec2bd91fafaa3596a46202338b
hcmagic/embeddings/octen-embedding-8b/hcsynth_wme_real_embeddings.npy,81903744,b5855bdf1e1ceae2f0f20779792b1d0608d0fc80fcf7f40a5134b0e13ebddfe1
hcmagic/embeddings/octen-embedding-8b/hcsynth_wme_real_ids.json,88872,6fc9ed03640a93d995c511f313469d3004d106ec2bd91fafaa3596a46202338b
hcmagic/embeddings/octen-embedding-8b-hcmagic_100k/corpus_embeddings.npy,1837711488,9f9e12119f11c2ecd00a61b2143f913c43e9a10334a93317655ed67468936de0
hcmagic/embeddings/octen-embedding-8b-hcmagic_100k/corpus_ids.json,1907860,ef5bfb9f60a9462a5cdb7373537237428117a304e3e094e2ce39f02764508db1
hcmagic/embeddings/octen-embedding-8b-hcmagic_100k/encode_meta.json,269,e3b099d01730dd00ae1c199278db1440050d0798c98a3ad4d2a3879e92eb0341
hcmagic/embeddings/qwen3-embedding-8b/hcm_aal_real_embeddings.npy,10600576,f613057a6aeec7889d991f18a0e5961837963ae9ac31769911f1fc22cc782f4f
hcmagic/embeddings/qwen3-embedding-8b/hcm_aal_real_ids.json,9596,856c35573f4061beb14f6389d0c07adbe8b565bc918def8473b62c4e58bff04c
hcmagic/embeddings/qwen3-embedding-8b/hcm_trans_aal_embeddings.npy,10600576,9f07e797113f720288c70d3e355e6c0634a7c4765de4ea95f522b04f193f97e9
hcmagic/embeddings/qwen3-embedding-8b/hcm_trans_aal_ids.json,10890,0203cd8fda5068badb41b5ec264a4f2a784c1098a8cef3bd3b7f0084724f92a0
hcmagic/embeddings/qwen3-embedding-8b/hcm_wme_real_embeddings.npy,10797184,255dfd50358241148989d0ab1447b0864a52bb12953b80acae1e9baea9a2304b
hcmagic/embeddings/qwen3-embedding-8b/hcm_wme_real_ids.json,11211,052eb11371d3d1d7487b737b1723afc755f5e88e6adae5ede644f352f076724d
hcmagic/embeddings/qwen3-embedding-8b/hcsynth_aal_synth1_embeddings.npy,81903744,2147836f0a1dd33775675bfc06224e10ee88a8ba8b7cf7dff70d522b85ca25db
hcmagic/embeddings/qwen3-embedding-8b/hcsynth_aal_synth1_ids.json,88872,6fc9ed03640a93d995c511f313469d3004d106ec2bd91fafaa3596a46202338b
hcmagic/embeddings/qwen3-embedding-8b/hcsynth_aal_synth2_embeddings.npy,81903744,b713837f1bad0fefdc8713c6ecd61c880d9bd2e0ef35f1a95841a83bc392741c
hcmagic/embeddings/qwen3-embedding-8b/hcsynth_aal_synth2_ids.json,88872,6fc9ed03640a93d995c511f313469d3004d106ec2bd91fafaa3596a46202338b
hcmagic/embeddings/qwen3-embedding-8b/hcsynth_aal_synth3_embeddings.npy,81903744,8454ab4b66609ef0bb7f45ba43d7f5712259699fe5631abd53495447d9b9eae0
hcmagic/embeddings/qwen3-embedding-8b/hcsynth_aal_synth3_ids.json,88872,6fc9ed03640a93d995c511f313469d3004d106ec2bd91fafaa3596a46202338b
hcmagic/embeddings/qwen3-embedding-8b/hcsynth_wme_real_embeddings.npy,81903744,820011b5da58a2dc4e1b3d62b7bbb740757072e4dbfd26990f131d451c479973
hcmagic/embeddings/qwen3-embedding-8b/hcsynth_wme_real_ids.json,88872,6fc9ed03640a93d995c511f313469d3004d106ec2bd91fafaa3596a46202338b
hcmagic/embeddings/qwen3-embedding-8b-hcmagic_100k/corpus_embeddings.npy,1837711488,14f84409fa7827422c6d3882488bb2ec6199989c0a8f3982ca1df3e1015ca24d
hcmagic/embeddings/qwen3-embedding-8b-hcmagic_100k/corpus_ids.json,1907860,ef5bfb9f60a9462a5cdb7373537237428117a304e3e094e2ce39f02764508db1
hcmagic/embeddings/qwen3-embedding-8b-hcmagic_100k/encode_meta.json,268,0d347fa58993699c02d403da002c93bbf255c5dfef134c18ecb9b9fbccd9dec1
hcmagic/embeddings/text-embedding-3-large/hcm_aal_real_embeddings.npy,7950464,30e808eaaba9f51b644206b603107a0892bd42a06bccb6d0f9f60043a96f7536
hcmagic/embeddings/text-embedding-3-large/hcm_aal_real_ids.json,9596,856c35573f4061beb14f6389d0c07adbe8b565bc918def8473b62c4e58bff04c
hcmagic/embeddings/text-embedding-3-large/hcm_trans_aal_embeddings.npy,7950464,d5985d1fac16a2f37ca3cd2984cee8c5e8bc2992ccc6e69b7efad7420de9cedd
hcmagic/embeddings/text-embedding-3-large/hcm_trans_aal_ids.json,10890,0203cd8fda5068badb41b5ec264a4f2a784c1098a8cef3bd3b7f0084724f92a0
hcmagic/embeddings/text-embedding-3-large/hcm_wme_real_embeddings.npy,8097920,2742824b91a81453e95b9032d529b1117be6dd6737230453edcd595e54f30bd6
hcmagic/embeddings/text-embedding-3-large/hcm_wme_real_ids.json,11211,052eb11371d3d1d7487b737b1723afc755f5e88e6adae5ede644f352f076724d
hcmagic/embeddings/text-embedding-3-large/hcsynth_aal_synth1_embeddings.npy,61427840,8c09811e583df6bf2866e685d0dbdd485b9147e66b8a8338aaef546fc9c338c2
hcmagic/embeddings/text-embedding-3-large/hcsynth_aal_synth1_ids.json,88872,6fc9ed03640a93d995c511f313469d3004d106ec2bd91fafaa3596a46202338b
hcmagic/embeddings/text-embedding-3-large/hcsynth_aal_synth2_embeddings.npy,61427840,6ff393439ac22abe6735a532349744b0848f1693daa30c4d14cc42bef630909b
hcmagic/embeddings/text-embedding-3-large/hcsynth_aal_synth2_ids.json,88872,6fc9ed03640a93d995c511f313469d3004d106ec2bd91fafaa3596a46202338b
hcmagic/embeddings/text-embedding-3-large/hcsynth_aal_synth3_embeddings.npy,61427840,80530a1258c67a22a48140ea3e9b0bc35bff488e60e89877cccc416c3f3209bf
hcmagic/embeddings/text-embedding-3-large/hcsynth_aal_synth3_ids.json,88872,6fc9ed03640a93d995c511f313469d3004d106ec2bd91fafaa3596a46202338b
hcmagic/embeddings/text-embedding-3-large/hcsynth_wme_real_embeddings.npy,61427840,44026e5a9a65cd2fa3dbb3f674b744c614f71426b0882ae1c71b5be0a2aabf44
hcmagic/embeddings/text-embedding-3-large/hcsynth_wme_real_ids.json,88872,6fc9ed03640a93d995c511f313469d3004d106ec2bd91fafaa3596a46202338b
hcmagic/embeddings/text-embedding-3-large-hcmagic_100k/corpus_embeddings.npy,1378283648,1bba1580ac9ab060e2766815d701b1d59b4c455d4049156e0e6a0bc11b2c9d40
hcmagic/embeddings/text-embedding-3-large-hcmagic_100k/corpus_ids.json,1907860,ef5bfb9f60a9462a5cdb7373537237428117a304e3e094e2ce39f02764508db1
hcmagic/embeddings/text-embedding-3-large-hcmagic_100k/encode_meta.json,264,fa57ab33e014e511d9dc4116e2bf9c737b45f34d50f1fa82aede50731b8bf965
reddit_nat/embeddings/bge-large-en-v1.5/encode_meta.json,252,8428e3693ffdec24b16971e7cbffe7a598b2b277bc8a9b7aef144e7e0de2a372
reddit_nat/embeddings/bge-large-en-v1.5/queries.jsonl,611563,38a857ccdfe1dc0d77f3e3ba63c53609666b3f6cd753d6372da878d7bf3e9abe
reddit_nat/embeddings/bge-large-en-v1.5/query_embeddings.npy,13680768,d7aea3e5ea6e5fdd5425a54d00b52f997acb6e9bf45bf7b65481394600f68550
reddit_nat/embeddings/bge-large-en-v1.5/query_ids.json,36740,77a4a3b4a3b4c8cd50a0c3122e79083c22168b634814b3bba86f5e89ea61498f
reddit_nat/embeddings/llama-embed-nemotron-8b/encode_meta.json,280,282412ad3b0c4c5a0e6557046a1d8c31f7891492152d145d11d3a90e8ae6b87c
reddit_nat/embeddings/llama-embed-nemotron-8b/queries.jsonl,611563,38a857ccdfe1dc0d77f3e3ba63c53609666b3f6cd753d6372da878d7bf3e9abe
reddit_nat/embeddings/llama-embed-nemotron-8b/query_embeddings.npy,54722688,9b4d2ab6a23e232956f614ed060ef66571cdbcff4bc52782ce27d1328a7069fb
reddit_nat/embeddings/llama-embed-nemotron-8b/query_ids.json,36740,77a4a3b4a3b4c8cd50a0c3122e79083c22168b634814b3bba86f5e89ea61498f
reddit_nat/embeddings/octen-embedding-8b/encode_meta.json,269,8733fc54f3c2edb15034b7c898c116eb6c701658cc6ee042e851c8ea2b0fe4cb
reddit_nat/embeddings/octen-embedding-8b/queries.jsonl,611563,38a857ccdfe1dc0d77f3e3ba63c53609666b3f6cd753d6372da878d7bf3e9abe
reddit_nat/embeddings/octen-embedding-8b/query_embeddings.npy,54722688,0f8798d529ace4e08a6e186fa1e5739556712dc5cea2ff1ce85d131240f5f287
reddit_nat/embeddings/octen-embedding-8b/query_ids.json,36740,77a4a3b4a3b4c8cd50a0c3122e79083c22168b634814b3bba86f5e89ea61498f
reddit_nat/embeddings/qwen3-embedding-8b/encode_meta.json,268,374c9498e76cc937561ba9640ea18f5b8768cd2980cbbc4c99d39553ff325b06
reddit_nat/embeddings/qwen3-embedding-8b/queries.jsonl,611563,38a857ccdfe1dc0d77f3e3ba63c53609666b3f6cd753d6372da878d7bf3e9abe
reddit_nat/embeddings/qwen3-embedding-8b/query_embeddings.npy,54722688,b7996d780d1dfd84e6d7c2a9ec35a89af09598187f31eceeee1c8c510b7080ce
reddit_nat/embeddings/qwen3-embedding-8b/query_ids.json,36740,77a4a3b4a3b4c8cd50a0c3122e79083c22168b634814b3bba86f5e89ea61498f
reddit_nat/embeddings/text-embedding-3-large/encode_meta.json,266,bfef0f09e3b14737996acd40d06cca62407e2df3a5f480b91b5da3e097506feb
reddit_nat/embeddings/text-embedding-3-large/queries.jsonl,611563,38a857ccdfe1dc0d77f3e3ba63c53609666b3f6cd753d6372da878d7bf3e9abe
reddit_nat/embeddings/text-embedding-3-large/query_embeddings.npy,41042048,55a240435e327bb93c7b672fe5c75de21461df2a7b5cd38416a1b9f46ad9f02d
reddit_nat/embeddings/text-embedding-3-large/query_ids.json,36740,77a4a3b4a3b4c8cd50a0c3122e79083c22168b634814b3bba86f5e89ea61498f
